customerID,gender,SeniorCitizen,tenure,PhoneService,InternetService,MonthlyCharges,TotalCharges,Churn
CUST00001,Male,0,7,Yes,Fiber optic,61.01,437.7,No
CUST00002,Female,0,3,Yes,Fiber optic,60.11,168.84,No
CUST00003,Male,1,6,Yes,DSL,100.56,607.93,No
CUST00004,Male,1,28,No,DSL,74.55,2128.17,Yes
CUST00005,Female,1,8,No,No,77.11,628.35,Yes
CUST00006,Male,0,8,No,DSL,66.8,496.05,No
CUST00007,Male,0,56,No,No,33.31,2092.22,No
CUST00008,Male,0,71,Yes,DSL,40.67,2365.67,No
CUST00009,Male,1,26,No,No,39.23,980.54,No
CUST00010,Male,0,40,Yes,DSL,81.03,,No
CUST00011,Female,0,62,No,Fiber optic,77.57,4674.39,No
CUST00012,Male,0,54,No,Fiber optic,71.08,3344.56,No
CUST00013,Female,1,3,Yes,Fiber optic,92.63,292.55,Yes
CUST00014,Female,0,64,No,Fiber optic,58.79,3558.37,No
CUST00015,Male,1,14,No,Fiber optic,25.31,451.83,Yes
CUST00016,Male,0,11,Yes,DSL,76.53,838.05,Yes
CUST00017,Male,0,11,No,Fiber optic,67.01,822.1,No
CUST00018,Female,1,30,Yes,Fiber optic,42.3,1041.46,Yes
CUST00019,Male,0,64,No,DSL,38.18,2093.42,No
CUST00020,Male,0,16,Yes,No,22.03,224.06,No
CUST00021,Female,0,8,Yes,Fiber optic,78.61,578.47,Yes
CUST00022,Male,0,28,No,Fiber optic,37.55,979.34,No
CUST00023,Male,1,57,No,Fiber optic,48.87,2421.12,Yes
CUST00024,Female,0,5,Yes,Fiber optic,71.17,364.8,No
CUST00025,Female,0,10,No,Fiber optic,108.36,1112.71,No
CUST00026,Female,0,9,No,DSL,108.76,958.45,Yes
CUST00027,Male,1,8,Yes,No,87.56,772.68,Yes
CUST00028,Male,0,17,Yes,DSL,90.46,1570.41,No
CUST00029,Female,0,32,No,Fiber optic,63.68,2136.07,No
CUST00030,Female,0,2,No,Fiber optic,100.27,,Yes
CUST00031,Male,0,72,No,DSL,71.69,5119.43,No
CUST00032,Female,0,32,No,DSL,48.1,1423.76,No
CUST00033,Female,0,0,No,DSL,70.32,,Yes
CUST00034,Male,0,8,Yes,DSL,91.1,766.31,Yes
CUST00035,Male,1,32,Yes,No,67.92,1885.24,Yes
CUST00036,Female,0,6,Yes,No,92.67,560.57,Yes
CUST00037,Male,0,5,No,DSL,84.08,403.51,Yes
CUST00038,Female,1,40,Yes,Fiber optic,43.31,1462.95,Yes
CUST00039,Female,1,7,No,DSL,78.8,529.31,No
CUST00040,Male,0,37,No,Fiber optic,59.58,2291.6,No
CUST00041,Male,0,8,No,Fiber optic,92.46,800.62,No
CUST00042,Female,1,5,Yes,DSL,101.41,504.96,No
CUST00043,Male,0,5,Yes,DSL,105.95,560.8,Yes
CUST00044,Male,0,45,Yes,Fiber optic,72.18,3037.74,No
CUST00045,Male,1,49,Yes,No,65.79,3615.12,No
CUST00046,Female,0,3,Yes,Fiber optic,70.59,223.29,No
CUST00047,Female,0,36,No,Fiber optic,92.72,3447.24,No
CUST00048,Female,0,56,No,Fiber optic,44.65,2904.27,No
CUST00049,Male,1,60,No,DSL,85.36,5222.42,No
CUST00050,Female,0,33,No,Fiber optic,66.4,2516.46,No
CUST00051,Male,0,39,Yes,No,95.72,,No
CUST00052,Female,1,42,Yes,Fiber optic,46.23,1549.46,No
CUST00053,Female,1,9,No,No,61.38,493.28,No
CUST00054,Female,1,11,No,No,100.0,1070.85,No
CUST00055,Male,0,23,No,Fiber optic,75.45,1761.09,Yes
CUST00056,Male,0,24,Yes,Fiber optic,23.83,505.17,No
CUST00057,Female,0,44,Yes,Fiber optic,65.51,2442.89,Yes
CUST00058,Female,0,49,Yes,Fiber optic,44.54,2570.27,Yes
CUST00059,Female,1,10,Yes,DSL,109.39,1035.33,Yes
CUST00060,Female,1,1,Yes,DSL,77.81,77.85,Yes
CUST00061,Male,0,37,Yes,DSL,68.73,2296.04,No
CUST00062,Male,1,61,Yes,DSL,41.89,3033.86,No
CUST00063,Male,0,30,No,Fiber optic,82.91,2297.52,No
CUST00064,Female,0,17,No,Fiber optic,22.28,275.41,No
CUST00065,Female,0,18,Yes,DSL,45.96,864.94,No
CUST00066,Male,0,2,No,Fiber optic,69.87,,No
CUST00067,Male,0,11,No,No,62.12,624.68,No
CUST00068,Male,0,71,No,No,55.34,4296.3,No
CUST00069,Female,0,30,Yes,DSL,65.18,1664.82,No
CUST00070,Male,0,39,No,DSL,46.3,2129.02,No
CUST00071,Female,0,20,No,DSL,29.17,,No
CUST00072,Female,1,8,Yes,Fiber optic,109.34,848.81,Yes
CUST00073,Male,0,21,Yes,Fiber optic,95.8,2145.8,Yes
CUST00074,Female,0,49,No,No,36.83,1525.31,No
CUST00075,Male,0,69,Yes,Fiber optic,82.23,6113.26,No
CUST00076,Female,0,34,Yes,DSL,43.18,1137.91,No
CUST00077,Female,0,2,No,No,107.49,208.11,Yes
CUST00078,Male,1,3,No,DSL,105.4,344.91,Yes
CUST00079,Female,0,6,No,No,97.42,581.47,Yes
CUST00080,Male,0,18,Yes,Fiber optic,78.48,1433.04,No
CUST00081,Male,0,61,Yes,DSL,29.79,1640.33,No
CUST00082,Male,1,51,Yes,No,88.38,4735.87,No
CUST00083,Male,0,29,Yes,Fiber optic,56.87,1803.56,Yes
CUST00084,Female,0,1,No,DSL,94.63,,Yes
CUST00085,Male,0,8,No,No,63.1,427.42,No
CUST00086,Female,0,65,No,No,38.09,2957.82,No
CUST00087,Female,1,11,No,Fiber optic,90.39,885.45,Yes
CUST00088,Male,0,0,No,No,92.77,,Yes
CUST00089,Male,0,0,Yes,No,85.93,,Yes
CUST00090,Female,0,42,Yes,DSL,24.8,1219.3,No
CUST00091,Female,0,51,No,No,86.24,4271.58,No
CUST00092,Male,0,58,Yes,DSL,80.14,4664.18,No
CUST00093,Male,0,49,Yes,Fiber optic,31.84,1613.02,Yes
CUST00094,Female,0,10,Yes,No,106.68,1062.73,Yes
CUST00095,Male,1,12,No,DSL,31.6,474.93,No
CUST00096,Female,1,0,Yes,DSL,97.83,,Yes
CUST00097,Male,0,3,No,Fiber optic,103.82,322.66,No
CUST00098,Male,0,2,Yes,Fiber optic,80.62,156.69,Yes
CUST00099,Female,0,2,Yes,No,93.57,201.18,Yes
CUST00100,Female,0,35,Yes,Fiber optic,37.95,1160.43,No
CUST00101,Male,0,19,Yes,No,48.25,970.95,No
CUST00102,Male,0,5,Yes,DSL,104.75,510.0,Yes
CUST00103,Male,0,5,Yes,DSL,106.66,510.77,Yes
CUST00104,Female,0,4,No,DSL,68.3,272.51,No
CUST00105,Male,1,16,Yes,No,39.16,,No
CUST00106,Male,0,30,Yes,No,79.89,2190.08,No
CUST00107,Male,0,6,No,DSL,77.55,,No
CUST00108,Female,0,4,Yes,Fiber optic,94.73,343.93,No
CUST00109,Female,0,55,Yes,Fiber optic,62.14,3370.52,No
CUST00110,Male,0,20,No,Fiber optic,89.09,1933.55,No
CUST00111,Male,0,6,No,Fiber optic,97.21,566.1,No
CUST00112,Female,0,1,No,DSL,100.52,107.92,Yes
CUST00113,Male,0,27,Yes,Fiber optic,45.0,1261.83,No
CUST00114,Male,0,20,Yes,DSL,57.29,1312.75,No
CUST00115,Male,0,11,Yes,Fiber optic,108.23,,No
CUST00116,Male,0,51,No,Fiber optic,33.1,1722.7,No
CUST00117,Male,0,24,Yes,Fiber optic,53.86,1111.99,No
CUST00118,Female,0,68,No,Fiber optic,65.38,4848.84,No
CUST00119,Female,1,53,No,DSL,97.15,4896.72,No
CUST00120,Male,0,22,Yes,DSL,28.92,536.72,No
CUST00121,Female,0,28,Yes,DSL,39.52,899.06,No
CUST00122,Male,0,41,Yes,Fiber optic,71.14,2844.55,Yes
CUST00123,Male,1,4,No,DSL,60.41,257.35,Yes
CUST00124,Female,0,12,Yes,DSL,50.25,653.93,No
CUST00125,Male,1,0,Yes,DSL,89.62,,Yes
CUST00126,Male,0,11,No,DSL,84.44,907.19,No
CUST00127,Female,0,5,Yes,No,61.07,323.02,No
CUST00128,Female,1,9,Yes,DSL,77.43,626.36,Yes
CUST00129,Female,0,7,Yes,Fiber optic,108.65,731.08,No
CUST00130,Male,1,7,No,Fiber optic,104.23,763.8,No
CUST00131,Male,0,47,Yes,DSL,23.17,1463.28,No
CUST00132,Male,0,0,Yes,DSL,85.5,,Yes
CUST00133,Male,0,40,No,No,40.78,1657.46,No
CUST00134,Female,1,19,No,DSL,67.56,1359.31,No
CUST00135,Male,0,51,Yes,Fiber optic,91.79,,No
CUST00136,Male,1,54,Yes,Fiber optic,68.23,3670.34,Yes
CUST00137,Female,0,24,Yes,No,78.28,1711.74,No
CUST00138,Male,0,10,No,Fiber optic,67.02,755.77,Yes
CUST00139,Female,0,18,No,Fiber optic,74.82,1266.59,No
CUST00140,Female,0,13,Yes,Fiber optic,88.0,1067.9,No
CUST00141,Male,0,13,No,DSL,41.85,602.36,No
CUST00142,Female,0,8,No,No,94.31,770.04,No
CUST00143,Male,0,38,No,DSL,22.84,1134.63,No
CUST00144,Female,1,39,Yes,Fiber optic,94.62,3511.46,No
CUST00145,Male,0,2,No,No,100.09,193.19,Yes
CUST00146,Male,0,8,No,No,100.51,814.82,No
CUST00147,Female,0,9,Yes,No,77.63,706.47,Yes
CUST00148,Male,0,15,Yes,DSL,68.66,1042.89,No
CUST00149,Male,0,69,Yes,DSL,38.4,3251.05,No
CUST00150,Male,0,37,No,Fiber optic,47.27,1915.45,No
CUST00151,Male,0,6,No,Fiber optic,101.42,608.88,Yes
CUST00152,Male,1,40,No,Fiber optic,69.09,2714.94,Yes
CUST00153,Female,0,0,Yes,Fiber optic,103.41,,No
CUST00154,Female,0,68,No,DSL,99.58,6678.38,No
CUST00155,Female,0,20,No,Fiber optic,38.88,891.69,No
CUST00156,Female,0,10,No,No,72.7,722.13,Yes
CUST00157,Female,0,7,No,DSL,87.76,622.17,Yes
CUST00158,Female,0,19,Yes,DSL,60.76,1069.85,No
CUST00159,Male,1,47,No,DSL,21.68,1229.42,Yes
CUST00160,Male,1,40,Yes,Fiber optic,70.74,3086.87,No
CUST00161,Male,0,0,Yes,DSL,64.14,,No
CUST00162,Male,1,24,No,DSL,29.66,640.93,No
CUST00163,Male,0,2,No,Fiber optic,83.31,147.79,Yes
CUST00164,Male,0,68,Yes,DSL,56.59,3542.85,No
CUST00165,Male,0,24,No,Fiber optic,22.44,423.32,No
CUST00166,Female,0,48,Yes,Fiber optic,85.67,3672.89,No
CUST00167,Female,0,8,No,DSL,74.67,626.08,Yes
CUST00168,Male,0,63,Yes,Fiber optic,23.69,1324.48,No
CUST00169,Male,0,3,Yes,DSL,83.73,262.45,No
CUST00170,Male,0,39,Yes,Fiber optic,54.35,2309.93,No
CUST00171,Male,0,11,No,DSL,106.21,1090.78,No
CUST00172,Male,0,8,Yes,Fiber optic,72.39,564.33,Yes
CUST00173,Female,0,66,Yes,DSL,75.79,5250.16,No
CUST00174,Female,0,10,No,Fiber optic,60.22,530.89,No
CUST00175,Male,0,9,Yes,Fiber optic,96.75,942.3,No
CUST00176,Male,1,72,No,DSL,92.42,6720.78,No
CUST00177,Female,0,18,Yes,Fiber optic,86.05,1652.03,No
CUST00178,Female,1,8,No,No,79.0,582.95,No
CUST00179,Male,0,6,No,DSL,71.91,447.12,No
CUST00180,Female,0,57,No,DSL,58.13,3693.92,No
CUST00181,Female,0,3,Yes,Fiber optic,73.51,236.33,Yes
CUST00182,Male,1,66,No,Fiber optic,58.65,3594.75,No
CUST00183,Female,0,8,No,Fiber optic,105.93,836.03,Yes
CUST00184,Female,0,41,Yes,Fiber optic,25.65,1433.86,Yes
CUST00185,Male,0,16,No,No,34.63,537.8,No
CUST00186,Female,0,67,Yes,DSL,34.03,1792.82,No
CUST00187,Female,0,48,No,DSL,99.39,5241.45,No
CUST00188,Male,1,39,Yes,Fiber optic,28.19,1418.8,Yes
CUST00189,Female,0,48,Yes,Fiber optic,40.12,2011.52,No
CUST00190,Male,1,33,Yes,DSL,22.6,581.1,No
CUST00191,Female,0,31,No,No,92.62,2689.2,No
CUST00192,Male,0,61,No,Fiber optic,27.71,1919.61,No
CUST00193,Male,1,48,Yes,Fiber optic,35.19,1539.8,No
CUST00194,Female,0,7,No,Fiber optic,89.27,,No
CUST00195,Male,0,22,No,DSL,21.36,,No
CUST00196,Female,0,6,Yes,No,93.01,580.95,No
CUST00197,Male,0,12,No,DSL,65.16,,No
CUST00198,Female,0,49,No,No,26.25,1561.35,No
CUST00199,Female,0,13,Yes,Fiber optic,72.11,1064.85,No
CUST00200,Male,0,15,Yes,No,85.64,1420.78,No
CUST00201,Male,0,1,Yes,DSL,98.79,99.64,Yes
CUST00202,Male,0,54,Yes,Fiber optic,72.5,4434.99,Yes
CUST00203,Female,0,33,No,Fiber optic,80.42,,No
CUST00204,Female,1,5,No,Fiber optic,103.66,537.67,No
CUST00205,Female,1,24,No,DSL,44.19,1067.57,No
CUST00206,Female,0,4,Yes,No,106.17,448.23,No
CUST00207,Male,0,72,Yes,No,25.22,1827.58,No
CUST00208,Male,1,11,No,Fiber optic,84.85,913.8,Yes
CUST00209,Male,0,14,No,Fiber optic,86.7,1190.74,Yes
CUST00210,Male,0,30,Yes,Fiber optic,29.39,677.24,No
CUST00211,Female,1,67,Yes,No,50.04,3699.39,Yes
CUST00212,Female,1,35,Yes,DSL,70.9,2792.28,No
CUST00213,Male,0,53,No,Fiber optic,58.0,3506.81,No
CUST00214,Female,0,61,No,Fiber optic,45.75,3381.92,No
CUST00215,Male,0,24,No,No,32.26,766.15,No
CUST00216,Male,0,50,No,DSL,28.4,1721.99,No
CUST00217,Male,0,46,Yes,No,54.14,2654.86,No
CUST00218,Female,1,19,No,Fiber optic,49.64,1055.37,No
CUST00219,Male,0,32,Yes,Fiber optic,71.42,2410.08,No
CUST00220,Male,0,49,No,DSL,52.64,2174.94,No
CUST00221,Female,1,62,Yes,Fiber optic,68.73,3989.65,Yes
CUST00222,Female,0,57,No,DSL,55.79,2824.6,No
CUST00223,Male,0,34,No,No,29.84,880.96,No
CUST00224,Female,0,49,No,Fiber optic,71.96,3764.33,No
CUST00225,Male,0,0,Yes,Fiber optic,74.87,,Yes
CUST00226,Male,1,15,Yes,DSL,41.6,516.77,No
CUST00227,Male,0,52,Yes,Fiber optic,60.35,2813.52,No
CUST00228,Female,1,33,Yes,No,24.46,899.26,Yes
CUST00229,Male,1,3,Yes,No,88.28,287.27,No
CUST00230,Female,0,50,Yes,DSL,61.62,2827.36,No
CUST00231,Female,0,59,No,DSL,74.73,3997.79,No
CUST00232,Female,1,11,Yes,Fiber optic,85.82,872.49,No
CUST00233,Male,0,71,Yes,Fiber optic,27.34,1419.42,Yes
CUST00234,Male,0,49,No,No,83.12,3723.71,No
CUST00235,Female,1,56,Yes,Fiber optic,95.89,5076.43,Yes
CUST00236,Female,0,0,Yes,Fiber optic,67.83,,No
CUST00237,Male,0,24,No,Fiber optic,63.99,1461.1,Yes
CUST00238,Male,0,39,No,DSL,21.82,,No
CUST00239,Female,0,47,No,No,88.66,4035.78,No
CUST00240,Female,0,72,Yes,DSL,83.87,6497.23,No
CUST00241,Male,0,48,Yes,DSL,51.49,2808.54,No
CUST00242,Female,0,47,No,Fiber optic,54.77,2188.79,No
CUST00243,Male,0,15,Yes,DSL,74.33,,No
CUST00244,Female,0,28,No,No,32.87,722.31,No
CUST00245,Male,1,8,Yes,DSL,106.69,932.4,Yes
CUST00246,Male,0,57,Yes,DSL,24.37,1068.77,No
CUST00247,Female,0,43,No,No,38.2,1221.8,No
CUST00248,Male,0,29,Yes,Fiber optic,49.55,1179.62,No
CUST00249,Female,0,29,No,Fiber optic,81.21,2343.04,Yes
CUST00250,Female,0,39,No,Fiber optic,33.23,1171.94,No
CUST00251,Male,0,0,No,Fiber optic,83.97,,No
CUST00252,Female,0,6,No,Fiber optic,82.52,438.56,No
CUST00253,Male,0,20,No,No,30.48,689.68,No
CUST00254,Female,0,2,Yes,Fiber optic,105.61,208.88,Yes
CUST00255,Female,0,12,No,DSL,65.44,821.47,No
CUST00256,Male,0,26,No,DSL,66.82,1665.11,No
CUST00257,Male,0,56,No,No,65.34,3975.55,No
CUST00258,Female,0,60,Yes,DSL,48.31,3135.37,No
CUST00259,Female,1,15,Yes,DSL,42.53,698.24,No
CUST00260,Female,0,14,Yes,DSL,72.29,1150.36,No
CUST00261,Male,0,57,Yes,DSL,51.97,3171.93,No
CUST00262,Male,1,11,No,Fiber optic,66.79,632.97,Yes
CUST00263,Male,0,7,Yes,DSL,73.54,575.22,No
CUST00264,Female,0,43,Yes,Fiber optic,28.84,1057.37,No
CUST00265,Female,0,16,No,No,58.97,788.33,No
CUST00266,Male,0,70,No,DSL,80.65,5236.89,No
CUST00267,Female,0,1,No,No,109.14,106.4,No
CUST00268,Female,0,16,Yes,DSL,86.61,1305.98,No
CUST00269,Male,0,1,Yes,DSL,105.96,101.11,Yes
CUST00270,Female,0,5,Yes,No,90.77,410.02,No
CUST00271,Female,1,40,Yes,Fiber optic,74.2,3112.6,Yes
CUST00272,Female,0,33,No,DSL,50.42,1526.44,No
CUST00273,Female,0,30,No,DSL,24.45,523.26,No
CUST00274,Female,0,7,Yes,DSL,102.01,674.87,No
CUST00275,Male,1,8,No,No,81.73,653.81,Yes
CUST00276,Male,0,51,No,No,92.28,4356.2,No
CUST00277,Female,0,5,Yes,DSL,98.21,518.45,No
CUST00278,Female,0,9,Yes,Fiber optic,104.53,967.65,No
CUST00279,Female,0,27,No,Fiber optic,38.87,,Yes
CUST00280,Female,0,55,Yes,Fiber optic,51.11,3217.41,Yes
CUST00281,Female,0,12,Yes,DSL,84.91,902.09,No
CUST00282,Male,0,63,Yes,No,81.96,4719.71,No
CUST00283,Male,1,45,No,No,56.06,2115.04,Yes
CUST00284,Female,0,11,Yes,Fiber optic,103.34,1242.26,No
CUST00285,Female,0,32,Yes,Fiber optic,57.1,1794.13,No
CUST00286,Female,0,46,Yes,DSL,96.49,4062.46,No
CUST00287,Female,0,51,Yes,DSL,42.62,2312.2,No
CUST00288,Male,0,5,Yes,No,97.61,450.65,No
CUST00289,Male,0,2,No,DSL,104.95,200.86,No
CUST00290,Female,0,9,No,DSL,93.01,911.78,No
CUST00291,Female,1,2,No,DSL,66.15,135.38,Yes
CUST00292,Male,1,8,No,Fiber optic,101.8,878.24,No
CUST00293,Female,1,0,No,No,72.47,,Yes
CUST00294,Male,0,52,Yes,DSL,48.49,,No
CUST00295,Male,0,36,Yes,No,22.39,1160.75,No
CUST00296,Male,1,8,Yes,DSL,95.63,770.08,Yes
CUST00297,Female,0,6,No,DSL,88.06,476.18,No
CUST00298,Male,0,37,Yes,Fiber optic,72.64,3008.1,Yes
CUST00299,Female,0,39,No,DSL,24.72,1074.19,No
CUST00300,Male,0,2,No,DSL,96.06,187.25,Yes
CUST00301,Female,0,70,Yes,Fiber optic,63.78,4589.74,Yes
CUST00302,Female,0,7,No,Fiber optic,67.99,501.32,No
CUST00303,Female,0,11,Yes,Fiber optic,106.43,1064.73,Yes
CUST00304,Female,0,8,Yes,Fiber optic,60.78,423.79,No
CUST00305,Female,0,68,No,Fiber optic,92.52,6159.8,Yes
CUST00306,Female,1,66,Yes,No,62.05,4031.92,No
CUST00307,Male,0,12,Yes,Fiber optic,80.09,1075.6,No
CUST00308,Male,0,32,Yes,DSL,71.27,2598.64,No
CUST00309,Female,0,56,Yes,DSL,37.58,2657.96,No
CUST00310,Female,0,18,Yes,Fiber optic,88.82,1460.79,Yes
CUST00311,Female,0,63,Yes,No,71.32,5095.0,No
CUST00312,Male,0,49,Yes,DSL,95.06,4817.43,No
CUST00313,Female,1,32,Yes,DSL,65.94,1975.49,No
CUST00314,Female,0,4,Yes,DSL,72.3,285.78,No
CUST00315,Male,0,17,No,DSL,76.35,1299.82,No
CUST00316,Male,0,4,No,Fiber optic,96.01,396.91,Yes
CUST00317,Female,0,63,No,DSL,22.07,1284.59,No
CUST00318,Female,0,67,No,DSL,36.33,1885.84,No
CUST00319,Male,1,33,No,Fiber optic,72.21,2585.8,Yes
CUST00320,Male,0,39,Yes,Fiber optic,88.29,3233.66,No
CUST00321,Female,0,22,Yes,No,42.79,970.97,No
CUST00322,Female,0,53,No,Fiber optic,71.07,4020.56,No
CUST00323,Female,0,1,Yes,DSL,108.56,100.41,Yes
CUST00324,Male,1,35,No,DSL,20.31,388.97,Yes
CUST00325,Female,0,6,No,Fiber optic,106.14,646.07,No
CUST00326,Female,0,8,Yes,DSL,78.54,641.56,Yes
CUST00327,Male,0,55,Yes,DSL,85.14,5199.08,No
CUST00328,Male,1,64,No,Fiber optic,37.04,2991.8,No
CUST00329,Male,0,26,No,DSL,52.89,1243.48,No
CUST00330,Male,0,63,Yes,No,37.55,1838.61,No
CUST00331,Male,1,37,Yes,Fiber optic,20.44,669.51,Yes
CUST00332,Female,0,41,No,No,76.24,3377.63,No
CUST00333,Female,0,42,Yes,DSL,71.91,3162.62,No
CUST00334,Male,0,63,Yes,Fiber optic,96.7,6359.79,No
CUST00335,Male,0,6,No,Fiber optic,102.85,601.42,Yes
CUST00336,Male,1,52,No,DSL,80.99,4076.79,Yes
CUST00337,Male,0,4,No,DSL,60.96,231.99,No
CUST00338,Male,1,8,No,Fiber optic,60.45,411.47,Yes
CUST00339,Male,0,24,No,DSL,77.55,2054.94,No
CUST00340,Female,0,6,No,DSL,96.9,574.84,Yes
CUST00341,Female,0,6,No,Fiber optic,107.81,648.75,Yes
CUST00342,Male,0,37,No,No,91.83,3332.36,No
CUST00343,Male,0,30,Yes,DSL,99.26,3232.93,No
CUST00344,Female,1,5,Yes,Fiber optic,79.14,354.94,No
CUST00345,Female,1,26,No,No,38.66,1187.34,Yes
CUST00346,Male,0,57,Yes,Fiber optic,86.6,4928.96,No
CUST00347,Female,1,47,Yes,DSL,35.96,1999.19,No
CUST00348,Male,1,11,Yes,No,81.72,907.22,Yes
CUST00349,Female,0,7,No,DSL,95.84,665.5,No
CUST00350,Female,0,0,Yes,No,82.59,,Yes
CUST00351,Male,0,2,No,No,74.39,145.65,Yes
CUST00352,Male,0,11,No,No,76.38,,No
CUST00353,Male,0,1,No,DSL,60.02,60.1,No
CUST00354,Male,1,10,Yes,Fiber optic,78.85,819.92,No
CUST00355,Male,1,21,Yes,DSL,70.31,1493.55,No
CUST00356,Female,0,24,No,No,58.72,1356.12,No
CUST00357,Female,1,59,No,Fiber optic,98.01,5723.58,Yes
CUST00358,Male,1,16,Yes,No,86.87,1505.39,No
CUST00359,Female,0,0,No,Fiber optic,87.29,,Yes
CUST00360,Female,0,4,No,DSL,83.94,,No
CUST00361,Male,0,30,Yes,DSL,71.33,1914.06,No
CUST00362,Female,0,57,No,No,98.51,,No
CUST00363,Female,0,56,No,Fiber optic,78.42,4761.81,No
CUST00364,Female,1,2,No,Fiber optic,92.64,197.62,Yes
CUST00365,Female,0,41,No,DSL,83.14,3517.05,No
CUST00366,Female,0,69,No,Fiber optic,31.31,,No
CUST00367,Male,0,57,No,DSL,84.77,4276.82,No
CUST00368,Female,0,53,No,Fiber optic,33.77,1752.22,No
CUST00369,Male,0,59,Yes,No,35.84,2436.18,No
CUST00370,Female,0,59,Yes,Fiber optic,40.6,2559.07,Yes
CUST00371,Female,0,68,No,No,92.9,,No
CUST00372,Female,0,11,No,DSL,99.96,1097.87,No
CUST00373,Female,0,67,No,No,24.64,1457.81,No
CUST00374,Male,1,11,No,DSL,72.87,788.88,Yes
CUST00375,Male,1,3,Yes,DSL,73.5,191.94,Yes
CUST00376,Male,0,12,Yes,DSL,58.62,669.98,No
CUST00377,Male,0,20,No,Fiber optic,54.07,1261.99,No
CUST00378,Male,0,3,Yes,Fiber optic,107.41,306.18,Yes
CUST00379,Male,1,38,No,DSL,59.02,2484.2,No
CUST00380,Female,0,5,No,DSL,73.43,403.53,Yes
CUST00381,Male,0,28,Yes,Fiber optic,64.0,1542.4,No
CUST00382,Male,0,7,Yes,No,94.74,595.63,Yes
CUST00383,Male,0,17,Yes,Fiber optic,36.21,683.19,Yes
CUST00384,Male,1,63,No,Fiber optic,48.48,2455.59,Yes
CUST00385,Female,0,34,No,Fiber optic,58.33,1958.83,No
CUST00386,Female,0,8,Yes,Fiber optic,61.96,459.99,No
CUST00387,Male,0,26,Yes,Fiber optic,56.22,1699.29,Yes
CUST00388,Male,1,11,Yes,No,108.55,1177.83,Yes
CUST00389,Male,0,3,No,Fiber optic,102.38,301.8,Yes
CUST00390,Male,1,8,No,Fiber optic,74.3,552.91,Yes
CUST00391,Female,0,70,Yes,Fiber optic,83.7,5280.3,No
CUST00392,Female,0,24,No,DSL,95.32,,No
CUST00393,Male,0,34,Yes,DSL,30.23,1310.29,No
CUST00394,Female,1,38,No,DSL,32.8,1329.44,No
CUST00395,Male,1,19,Yes,No,56.01,1107.95,No
CUST00396,Male,0,0,No,DSL,80.68,,Yes
CUST00397,Male,0,4,Yes,No,73.06,297.77,Yes
CUST00398,Male,0,11,No,Fiber optic,106.76,1102.75,Yes
CUST00399,Female,0,16,No,No,52.7,863.54,No
CUST00400,Male,1,64,No,No,85.24,4988.8,No
CUST00401,Female,1,35,No,No,52.61,1771.69,No
CUST00402,Male,0,8,No,No,91.68,773.11,Yes
CUST00403,Male,0,0,No,Fiber optic,77.56,,No
CUST00404,Male,0,13,No,DSL,64.24,756.6,No
CUST00405,Male,0,14,No,DSL,55.67,654.72,No
CUST00406,Male,0,4,Yes,Fiber optic,93.18,388.95,No
CUST00407,Male,0,5,Yes,DSL,82.32,407.24,Yes
CUST00408,Male,0,48,Yes,Fiber optic,41.72,2030.04,No
CUST00409,Male,0,13,Yes,DSL,33.74,397.42,No
CUST00410,Female,0,57,No,No,62.79,3101.64,No
CUST00411,Male,0,62,Yes,Fiber optic,93.1,5819.51,Yes
CUST00412,Female,0,10,No,DSL,105.64,1122.94,Yes
CUST00413,Male,0,60,No,DSL,64.26,3719.19,No
CUST00414,Female,0,72,Yes,Fiber optic,88.61,6597.02,No
CUST00415,Female,1,59,No,DSL,73.33,4586.83,No
CUST00416,Female,0,11,Yes,Fiber optic,69.53,783.38,Yes
CUST00417,Male,1,10,Yes,Fiber optic,87.35,863.76,No
CUST00418,Female,1,2,Yes,Fiber optic,66.79,118.39,No
CUST00419,Female,1,17,Yes,Fiber optic,45.74,891.68,No
CUST00420,Female,0,55,Yes,No,49.64,2536.55,No
CUST00421,Female,0,5,No,Fiber optic,80.45,413.92,Yes
CUST00422,Male,0,5,Yes,DSL,70.52,393.96,No
CUST00423,Male,0,57,Yes,DSL,49.27,3068.98,No
CUST00424,Male,1,12,No,DSL,72.46,889.76,Yes
CUST00425,Female,1,4,Yes,Fiber optic,69.44,290.66,Yes
CUST00426,Male,1,5,No,DSL,74.91,345.95,No
CUST00427,Female,1,7,Yes,No,89.8,662.08,Yes
CUST00428,Male,1,54,No,DSL,98.02,5582.92,No
CUST00429,Male,0,9,No,No,99.38,936.73,Yes
CUST00430,Male,1,5,Yes,DSL,74.27,393.95,No
CUST00431,Female,1,7,Yes,Fiber optic,96.85,609.42,Yes
CUST00432,Male,0,9,Yes,DSL,85.69,820.26,Yes
CUST00433,Female,1,41,Yes,Fiber optic,22.56,683.69,Yes
CUST00434,Male,0,47,No,DSL,36.66,1517.59,No
CUST00435,Male,0,54,No,Fiber optic,40.0,2243.69,No
CUST00436,Male,0,48,Yes,DSL,66.01,3576.39,No
CUST00437,Male,1,66,No,Fiber optic,22.5,1431.81,No
CUST00438,Female,0,21,No,Fiber optic,30.61,468.23,No
CUST00439,Male,0,54,No,No,82.64,4118.1,No
CUST00440,Female,0,2,Yes,No,104.02,219.78,No
CUST00441,Male,1,19,No,No,33.82,747.15,No
CUST00442,Female,1,9,Yes,DSL,60.12,500.43,Yes
CUST00443,Male,0,8,No,DSL,109.87,804.37,No
CUST00444,Male,0,66,No,No,97.06,6004.5,No
CUST00445,Female,0,67,Yes,DSL,63.9,4725.08,No
CUST00446,Male,0,26,No,DSL,35.0,753.32,No
CUST00447,Male,1,27,No,Fiber optic,42.52,888.41,Yes
CUST00448,Female,0,14,Yes,DSL,83.22,1196.4,No
CUST00449,Female,0,5,Yes,DSL,101.38,527.81,No
CUST00450,Female,0,66,Yes,DSL,35.57,2919.82,No
CUST00451,Male,0,52,Yes,Fiber optic,33.28,2100.76,No
CUST00452,Female,0,62,Yes,No,95.4,5586.97,No
CUST00453,Female,0,27,Yes,Fiber optic,88.44,2592.87,No
CUST00454,Female,1,55,Yes,No,74.58,4339.13,Yes
CUST00455,Male,1,1,Yes,Fiber optic,103.76,109.23,Yes
CUST00456,Female,0,40,Yes,DSL,45.43,2111.45,No
CUST00457,Male,1,38,No,Fiber optic,82.41,2765.31,No
CUST00458,Male,0,17,Yes,DSL,88.7,1643.71,No
CUST00459,Female,1,1,Yes,DSL,104.7,108.85,No
CUST00460,Male,0,57,No,DSL,97.54,5549.78,No
CUST00461,Male,0,35,Yes,Fiber optic,93.25,3337.26,No
CUST00462,Male,0,35,Yes,DSL,89.31,3180.03,No
CUST00463,Male,0,0,Yes,DSL,108.64,,No
CUST00464,Male,0,24,No,DSL,93.5,2164.19,No
CUST00465,Male,0,3,No,DSL,91.16,,Yes
CUST00466,Male,0,56,Yes,DSL,56.66,3616.07,No
CUST00467,Female,0,12,No,DSL,86.07,1139.37,No
CUST00468,Male,1,34,No,Fiber optic,84.24,3193.88,No
CUST00469,Female,1,23,Yes,Fiber optic,75.84,1755.69,Yes
CUST00470,Male,0,39,No,Fiber optic,58.71,2549.55,No
CUST00471,Female,1,0,No,Fiber optic,71.97,,Yes
CUST00472,Male,0,49,No,No,45.26,2341.13,No
CUST00473,Female,1,18,Yes,DSL,97.89,1930.85,Yes
CUST00474,Female,0,44,No,No,73.84,3193.71,No
CUST00475,Male,0,5,No,DSL,98.47,531.97,No
CUST00476,Female,0,1,Yes,DSL,77.56,,No
CUST00477,Female,0,14,Yes,DSL,70.54,877.31,No
CUST00478,Male,0,36,No,Fiber optic,34.07,,Yes
CUST00479,Male,0,56,No,No,90.34,5093.77,No
CUST00480,Male,0,23,Yes,Fiber optic,28.47,511.84,No
CUST00481,Male,0,46,No,DSL,89.57,3668.27,No
CUST00482,Male,1,45,No,No,67.85,3116.2,No
CUST00483,Female,0,4,Yes,No,103.67,,Yes
CUST00484,Male,0,0,No,Fiber optic,66.72,,No
CUST00485,Female,1,51,Yes,Fiber optic,51.28,2302.64,No
CUST00486,Male,0,0,Yes,Fiber optic,63.03,,No
CUST00487,Male,0,54,Yes,DSL,97.02,5163.78,No
CUST00488,Female,0,9,Yes,Fiber optic,93.61,764.35,No
CUST00489,Female,0,45,No,Fiber optic,70.18,2818.65,No
CUST00490,Male,1,36,No,Fiber optic,66.56,2455.29,Yes
CUST00491,Female,0,5,Yes,Fiber optic,67.33,319.32,Yes
CUST00492,Female,0,19,Yes,No,90.79,1785.07,No
CUST00493,Female,0,49,Yes,No,22.33,1291.67,No
CUST00494,Female,1,67,Yes,Fiber optic,70.21,4820.23,No
CUST00495,Male,0,3,Yes,DSL,100.62,306.97,Yes
CUST00496,Female,1,21,No,Fiber optic,46.4,1106.44,No
CUST00497,Male,0,35,No,No,87.83,3250.01,No
CUST00498,Female,0,9,Yes,Fiber optic,72.42,641.71,No
CUST00499,Male,0,1,Yes,DSL,91.27,93.87,Yes
CUST00500,Female,0,5,No,DSL,74.09,343.38,Yes
CUST00501,Male,0,19,No,Fiber optic,93.19,1585.62,Yes
CUST00502,Male,0,59,Yes,DSL,33.49,1762.42,No
CUST00503,Female,0,44,Yes,No,33.04,1265.79,No
CUST00504,Male,1,19,No,DSL,94.83,1615.12,No
CUST00505,Male,0,12,No,No,61.17,833.44,No
CUST00506,Male,0,7,No,DSL,97.29,684.24,Yes
CUST00507,Female,0,8,Yes,Fiber optic,81.12,645.59,Yes
CUST00508,Female,0,60,Yes,Fiber optic,44.36,2315.93,No
CUST00509,Female,0,36,No,Fiber optic,64.89,1980.99,No
CUST00510,Male,0,15,Yes,DSL,61.26,948.43,No
CUST00511,Female,1,23,No,Fiber optic,70.39,1403.7,Yes
CUST00512,Male,0,21,No,Fiber optic,72.77,1669.83,Yes
CUST00513,Female,1,2,No,DSL,93.86,199.32,Yes
CUST00514,Male,0,56,No,Fiber optic,57.73,3350.95,No
CUST00515,Female,0,72,No,DSL,27.83,1430.49,No
CUST00516,Male,1,10,Yes,DSL,86.42,953.44,No
CUST00517,Female,0,31,Yes,No,87.84,2511.08,No
CUST00518,Female,1,6,Yes,DSL,67.39,,No
CUST00519,Male,0,32,No,No,35.05,1276.13,No
CUST00520,Male,1,0,Yes,Fiber optic,83.45,,Yes
CUST00521,Female,0,16,Yes,Fiber optic,37.25,,Yes
CUST00522,Male,1,3,Yes,No,106.62,,No
CUST00523,Female,0,71,No,Fiber optic,73.75,4966.36,Yes
CUST00524,Female,0,10,No,DSL,108.62,1044.84,Yes
CUST00525,Male,0,57,Yes,DSL,20.61,1667.38,No
CUST00526,Female,0,3,Yes,DSL,83.04,249.26,Yes
CUST00527,Male,1,12,No,Fiber optic,77.63,898.67,No
CUST00528,Male,1,9,Yes,No,68.44,539.59,Yes
CUST00529,Male,1,4,No,DSL,61.65,268.52,Yes
CUST00530,Male,0,28,No,DSL,32.66,1037.6,No
CUST00531,Male,1,34,Yes,Fiber optic,25.7,771.75,No
CUST00532,Female,0,8,No,DSL,99.84,875.81,No
CUST00533,Male,0,71,No,DSL,47.7,2989.73,No
CUST00534,Male,0,6,Yes,DSL,64.06,384.4,No
CUST00535,Male,0,1,No,DSL,61.75,57.79,No
CUST00536,Female,0,2,Yes,DSL,89.31,196.74,No
CUST00537,Male,1,2,Yes,Fiber optic,60.05,131.15,No
CUST00538,Female,0,35,Yes,No,68.92,2227.81,No
CUST00539,Female,0,70,No,DSL,63.03,4198.61,No
CUST00540,Male,0,11,Yes,DSL,97.5,1102.51,No
CUST00541,Male,0,42,Yes,DSL,51.34,2156.0,No
CUST00542,Male,1,12,Yes,Fiber optic,71.68,916.15,Yes
CUST00543,Female,1,34,Yes,Fiber optic,78.01,2936.13,No
CUST00544,Male,0,34,Yes,Fiber optic,99.46,3163.38,No
CUST00545,Male,1,3,Yes,No,89.14,254.76,Yes
CUST00546,Male,1,2,No,Fiber optic,70.8,140.77,No
CUST00547,Male,0,60,Yes,No,66.18,3727.18,No
CUST00548,Male,0,1,No,DSL,83.84,74.37,No
CUST00549,Male,0,16,Yes,Fiber optic,55.09,772.52,No
CUST00550,Female,0,10,No,Fiber optic,95.9,1053.26,Yes
CUST00551,Male,0,26,Yes,DSL,88.84,2224.92,No
CUST00552,Male,1,10,Yes,Fiber optic,75.16,845.35,No
CUST00553,Female,0,2,No,No,65.28,140.62,No
CUST00554,Male,0,25,No,Fiber optic,77.9,2088.84,Yes
CUST00555,Female,0,49,No,Fiber optic,28.47,1217.67,No
CUST00556,Female,0,53,No,DSL,34.57,1817.66,No
CUST00557,Female,1,32,No,Fiber optic,39.78,1399.25,Yes
CUST00558,Male,0,62,Yes,DSL,58.98,3581.07,No
CUST00559,Female,0,13,Yes,Fiber optic,79.28,1071.15,Yes
CUST00560,Male,0,9,No,DSL,65.87,541.8,No
CUST00561,Male,0,62,Yes,DSL,25.87,2014.6,No
CUST00562,Male,0,43,Yes,DSL,89.18,3617.09,No
CUST00563,Male,0,15,No,Fiber optic,60.35,824.81,No
CUST00564,Female,0,30,Yes,Fiber optic,45.91,1618.0,No
CUST00565,Male,0,36,No,No,95.8,3236.24,No
CUST00566,Female,1,61,No,DSL,43.26,2995.98,Yes
CUST00567,Male,1,34,No,Fiber optic,55.95,1943.49,No
CUST00568,Female,0,1,Yes,Fiber optic,100.84,101.62,No
CUST00569,Male,0,7,No,DSL,106.4,755.96,Yes
CUST00570,Female,1,38,No,Fiber optic,57.9,2385.92,Yes
CUST00571,Female,0,1,Yes,Fiber optic,62.07,57.64,No
CUST00572,Female,0,26,No,Fiber optic,86.21,2369.12,No
CUST00573,Male,0,67,No,Fiber optic,29.53,1934.21,No
CUST00574,Male,1,59,No,No,78.03,4553.04,No
CUST00575,Male,0,52,No,No,42.21,2653.69,No
CUST00576,Male,0,11,No,DSL,76.14,744.62,Yes
CUST00577,Male,0,9,No,No,95.87,872.14,Yes
CUST00578,Male,1,2,No,DSL,60.4,118.68,Yes
CUST00579,Female,0,4,No,Fiber optic,89.67,377.88,Yes
CUST00580,Female,0,12,No,No,81.23,1085.63,No
CUST00581,Female,0,30,Yes,Fiber optic,45.82,1215.13,No
CUST00582,Female,1,42,Yes,DSL,79.23,3451.4,Yes
CUST00583,Female,1,60,Yes,DSL,45.21,3067.49,No
CUST00584,Male,0,1,Yes,DSL,65.02,70.32,No
CUST00585,Male,1,2,No,Fiber optic,86.32,159.43,Yes
CUST00586,Male,0,46,No,DSL,50.82,1946.17,No
CUST00587,Male,0,26,Yes,No,34.04,1057.13,No
CUST00588,Female,0,68,No,DSL,90.51,6792.26,No
CUST00589,Female,0,45,No,Fiber optic,64.15,2517.64,No
CUST00590,Female,0,72,No,No,51.09,4216.37,No
CUST00591,Male,0,57,Yes,DSL,92.66,5548.36,No
CUST00592,Male,1,44,Yes,Fiber optic,75.31,3243.61,No
CUST00593,Male,1,23,Yes,DSL,82.83,1912.14,Yes
CUST00594,Female,0,30,No,Fiber optic,88.25,2547.78,No
CUST00595,Female,0,24,Yes,DSL,40.56,844.84,No
CUST00596,Male,1,38,No,DSL,45.71,1482.38,No
CUST00597,Female,1,11,No,Fiber optic,94.52,1094.14,Yes
CUST00598,Female,0,3,Yes,Fiber optic,85.02,259.51,No
CUST00599,Male,0,51,Yes,Fiber optic,66.37,3669.29,No
CUST00600,Female,0,28,Yes,DSL,64.7,1819.81,No
CUST00601,Female,0,5,No,DSL,85.58,393.94,No
CUST00602,Male,0,7,Yes,DSL,96.58,654.91,Yes
CUST00603,Female,0,65,Yes,Fiber optic,60.57,3986.16,Yes
CUST00604,Male,0,6,Yes,DSL,101.29,581.15,Yes
CUST00605,Female,0,44,Yes,No,56.78,2582.45,No
CUST00606,Female,0,10,No,Fiber optic,108.03,1137.37,No
CUST00607,Female,0,10,Yes,DSL,98.66,973.44,No
CUST00608,Male,0,65,No,DSL,42.61,2663.82,No
CUST00609,Male,0,18,Yes,Fiber optic,34.53,658.86,No
CUST00610,Female,0,46,Yes,DSL,62.31,2983.1,No
CUST00611,Male,0,0,Yes,Fiber optic,74.53,,No
CUST00612,Female,0,56,Yes,DSL,82.68,5081.53,No
CUST00613,Female,0,40,Yes,DSL,66.63,2488.03,No
CUST00614,Male,0,35,Yes,No,88.12,2948.46,No
CUST00615,Female,0,64,Yes,DSL,94.29,6289.26,No
CUST00616,Female,0,5,No,DSL,93.43,470.79,Yes
CUST00617,Male,0,64,Yes,DSL,21.93,1443.52,No
CUST00618,Female,0,14,No,DSL,77.95,1213.63,No
CUST00619,Female,0,29,Yes,DSL,42.66,1079.69,No
CUST00620,Male,1,62,Yes,DSL,46.53,3463.84,No
CUST00621,Male,0,30,No,No,34.73,987.43,No
CUST00622,Male,0,20,No,Fiber optic,38.98,659.8,No
CUST00623,Female,0,45,Yes,DSL,87.14,4037.77,No
CUST00624,Female,0,39,No,Fiber optic,76.04,3250.61,Yes
CUST00625,Female,0,1,Yes,DSL,71.41,81.02,Yes
CUST00626,Female,0,24,Yes,Fiber optic,98.69,2250.08,Yes
CUST00627,Female,0,52,Yes,Fiber optic,74.42,4216.04,No
CUST00628,Female,0,55,No,DSL,38.55,2655.36,No
CUST00629,Female,1,3,Yes,Fiber optic,83.23,255.28,Yes
CUST00630,Female,0,42,Yes,No,40.99,2132.37,No
CUST00631,Male,0,0,No,DSL,95.29,,Yes
CUST00632,Female,0,24,Yes,Fiber optic,70.27,1607.66,No
CUST00633,Male,1,6,Yes,Fiber optic,64.19,358.1,Yes
CUST00634,Male,1,33,Yes,DSL,87.18,2641.35,No
CUST00635,Female,0,6,No,DSL,103.51,663.23,Yes
CUST00636,Female,0,2,No,DSL,89.29,191.49,Yes
CUST00637,Male,1,30,Yes,Fiber optic,23.03,892.82,No
CUST00638,Male,0,64,No,No,44.54,2272.83,No
CUST00639,Male,1,41,Yes,DSL,23.57,752.03,Yes
CUST00640,Male,0,54,Yes,DSL,65.47,3868.44,No
CUST00641,Male,0,29,Yes,Fiber optic,93.45,2600.87,No
CUST00642,Male,0,7,No,DSL,63.25,468.55,No
CUST00643,Female,1,6,No,DSL,71.81,488.34,No
CUST00644,Female,0,6,No,No,84.59,558.56,No
CUST00645,Male,0,8,No,Fiber optic,100.49,835.38,No
CUST00646,Female,0,17,No,DSL,49.7,841.13,No
CUST00647,Female,0,4,No,Fiber optic,63.38,229.12,Yes
CUST00648,Female,0,36,Yes,Fiber optic,87.09,3405.42,No
CUST00649,Male,0,46,No,DSL,76.73,3936.64,No
CUST00650,Female,0,11,No,Fiber optic,102.97,1205.35,Yes
CUST00651,Female,1,21,No,Fiber optic,67.08,1409.55,No
CUST00652,Female,0,48,Yes,DSL,53.84,3061.4,No
CUST00653,Male,0,31,Yes,DSL,38.66,1395.5,No
CUST00654,Male,0,48,No,Fiber optic,97.03,4664.44,No
CUST00655,Male,0,9,Yes,DSL,64.19,500.28,No
CUST00656,Female,0,9,No,Fiber optic,80.97,,Yes
CUST00657,Male,0,40,No,Fiber optic,59.17,2476.97,No
CUST00658,Female,0,2,Yes,DSL,78.44,144.59,No
CUST00659,Male,1,8,Yes,No,105.16,848.67,No
CUST00660,Male,0,46,Yes,Fiber optic,22.75,617.81,No
CUST00661,Female,0,41,Yes,No,44.9,1842.99,No
CUST00662,Male,1,9,Yes,Fiber optic,91.39,751.03,No
CUST00663,Male,0,20,Yes,Fiber optic,83.9,1804.19,No
CUST00664,Male,0,3,Yes,No,77.77,218.35,Yes
CUST00665,Male,1,23,Yes,DSL,78.33,1816.73,No
CUST00666,Female,0,33,No,Fiber optic,73.36,2121.68,Yes
CUST00667,Female,0,63,Yes,DSL,38.44,2858.68,No
CUST00668,Male,0,10,No,DSL,91.84,936.73,Yes
CUST00669,Male,0,55,Yes,Fiber optic,22.89,999.65,No
CUST00670,Male,0,13,No,No,62.13,693.46,No
CUST00671,Male,0,29,Yes,No,66.47,,No
CUST00672,Male,0,41,Yes,DSL,92.12,3694.88,No
CUST00673,Male,0,9,No,Fiber optic,76.88,677.8,No
CUST00674,Female,1,3,Yes,No,81.98,273.14,Yes
CUST00675,Female,0,15,Yes,Fiber optic,37.45,610.9,No
CUST00676,Female,1,4,No,No,94.4,408.63,Yes
CUST00677,Female,0,8,No,No,104.58,863.49,Yes
CUST00678,Male,0,36,Yes,No,51.39,1832.0,No
CUST00679,Female,0,29,No,No,54.59,1485.08,No
CUST00680,Male,0,6,Yes,No,85.88,532.61,No
CUST00681,Male,0,66,Yes,Fiber optic,93.38,6011.69,No
CUST00682,Female,0,3,No,Fiber optic,82.38,240.75,Yes
CUST00683,Female,0,27,Yes,Fiber optic,78.22,2271.79,No
CUST00684,Female,1,72,Yes,DSL,68.06,5440.46,No
CUST00685,Male,0,60,No,DSL,24.16,1158.71,No
CUST00686,Male,0,38,No,DSL,69.93,2568.86,No
CUST00687,Female,0,25,No,Fiber optic,80.61,1997.37,No
CUST00688,Male,0,63,No,DSL,54.43,3674.98,No
CUST00689,Female,0,3,Yes,DSL,85.86,263.6,Yes
CUST00690,Male,0,54,No,DSL,27.75,1092.85,No
CUST00691,Female,0,11,No,No,105.31,1212.17,Yes
CUST00692,Female,0,66,No,DSL,22.43,1726.62,No
CUST00693,Male,0,0,No,Fiber optic,63.88,,No
CUST00694,Female,0,33,Yes,DSL,66.69,2123.04,No
CUST00695,Female,0,17,No,Fiber optic,78.93,1191.61,No
CUST00696,Female,1,64,Yes,Fiber optic,82.77,5618.21,No
CUST00697,Female,1,6,No,DSL,69.23,469.76,No
CUST00698,Female,0,55,No,Fiber optic,91.35,,No
CUST00699,Female,0,19,Yes,No,82.1,1716.2,No
CUST00700,Male,0,9,No,Fiber optic,62.77,630.38,No
CUST00701,Male,0,70,Yes,Fiber optic,80.08,5504.8,Yes
CUST00702,Female,1,21,No,DSL,97.99,1859.42,No
CUST00703,Female,1,11,Yes,Fiber optic,105.52,1250.06,Yes
CUST00704,Female,0,1,Yes,Fiber optic,62.13,71.57,Yes
CUST00705,Female,0,19,No,Fiber optic,77.3,1480.24,No
CUST00706,Female,0,60,Yes,DSL,96.88,6195.38,No
CUST00707,Male,0,5,No,DSL,73.35,353.88,No
CUST00708,Male,0,11,No,Fiber optic,65.89,768.71,No
CUST00709,Female,0,0,Yes,Fiber optic,101.24,,No
CUST00710,Male,0,11,Yes,Fiber optic,109.26,1125.06,No
CUST00711,Female,0,40,Yes,No,37.33,,No
CUST00712,Female,0,16,No,No,46.37,777.43,No
CUST00713,Male,0,25,Yes,Fiber optic,40.42,884.88,No
CUST00714,Male,0,67,No,DSL,24.73,,No
CUST00715,Female,1,54,Yes,DSL,65.82,3503.52,No
CUST00716,Male,0,12,Yes,No,90.94,1157.53,No
CUST00717,Female,0,0,Yes,DSL,77.64,,No
CUST00718,Female,0,28,Yes,DSL,67.06,2087.23,No
CUST00719,Female,1,30,No,DSL,48.24,1487.4,No
CUST00720,Male,0,27,No,DSL,77.43,2337.34,No
CUST00721,Female,0,1,Yes,No,83.74,80.75,Yes
CUST00722,Male,0,29,No,Fiber optic,36.66,1171.71,No
CUST00723,Male,0,41,No,DSL,21.26,,No
CUST00724,Male,0,12,No,DSL,67.41,740.93,No
CUST00725,Male,0,41,Yes,Fiber optic,66.35,2799.16,Yes
CUST00726,Female,0,48,No,Fiber optic,21.6,1042.11,No
CUST00727,Male,1,6,No,DSL,100.8,598.66,Yes
CUST00728,Female,0,57,No,Fiber optic,99.67,5296.11,No
CUST00729,Male,0,37,No,No,75.02,2806.11,No
CUST00730,Female,0,2,No,Fiber optic,78.98,141.41,No
CUST00731,Female,1,14,No,No,34.26,427.16,No
CUST00732,Female,0,3,Yes,Fiber optic,94.31,267.15,Yes
CUST00733,Male,0,8,Yes,Fiber optic,94.11,675.15,No
CUST00734,Male,0,3,No,Fiber optic,76.68,239.73,No
CUST00735,Female,0,18,Yes,Fiber optic,88.4,1626.62,No
CUST00736,Female,1,23,No,DSL,97.1,2285.71,Yes
CUST00737,Male,0,11,Yes,DSL,102.49,1216.76,Yes
CUST00738,Female,0,70,Yes,No,38.85,2494.26,No
CUST00739,Male,1,62,Yes,DSL,47.86,2570.33,No
CUST00740,Male,0,23,Yes,Fiber optic,63.7,1522.99,Yes
CUST00741,Male,0,0,Yes,Fiber optic,96.3,,No
CUST00742,Male,0,64,No,DSL,68.26,4003.98,No
CUST00743,Male,0,5,Yes,Fiber optic,89.05,478.2,No
CUST00744,Male,0,24,Yes,DSL,93.25,2192.29,No
CUST00745,Female,0,23,No,Fiber optic,74.49,1698.67,Yes
CUST00746,Female,1,66,No,Fiber optic,87.48,5129.75,Yes
CUST00747,Female,1,11,Yes,DSL,80.32,848.26,Yes
CUST00748,Female,1,4,Yes,DSL,96.99,423.72,No
CUST00749,Female,0,29,Yes,DSL,24.3,572.3,No
CUST00750,Male,0,42,No,Fiber optic,58.64,2387.36,No
CUST00751,Male,0,42,No,DSL,43.06,1698.96,No
CUST00752,Female,0,12,No,DSL,94.65,1029.51,No
CUST00753,Female,1,9,No,DSL,104.39,992.08,Yes
CUST00754,Male,0,8,Yes,No,103.34,830.34,Yes
CUST00755,Male,1,43,Yes,No,66.03,2876.38,No
CUST00756,Female,0,4,No,Fiber optic,100.57,386.27,Yes
CUST00757,Female,0,28,Yes,DSL,79.59,2326.2,No
CUST00758,Female,0,35,No,No,36.46,1010.75,No
CUST00759,Female,1,5,No,DSL,72.05,374.06,Yes
CUST00760,Female,0,30,Yes,DSL,96.61,2960.06,No
CUST00761,Male,0,1,Yes,Fiber optic,74.8,73.37,Yes
CUST00762,Male,0,5,Yes,Fiber optic,91.14,487.94,Yes
CUST00763,Female,0,6,No,No,78.74,438.02,Yes
CUST00764,Female,0,62,No,Fiber optic,43.77,2558.59,Yes
CUST00765,Female,0,5,No,DSL,109.82,509.88,Yes
CUST00766,Male,1,65,No,No,78.01,5644.92,No
CUST00767,Male,1,62,Yes,DSL,78.53,4449.21,No
CUST00768,Male,0,58,No,Fiber optic,98.12,5378.56,No
CUST00769,Female,1,72,Yes,DSL,23.64,1966.35,No
CUST00770,Female,0,59,Yes,No,97.17,5450.31,No
CUST00771,Female,0,23,Yes,No,26.56,507.52,No
CUST00772,Female,0,44,Yes,DSL,35.28,1944.03,No
CUST00773,Female,1,6,Yes,Fiber optic,102.57,602.25,No
CUST00774,Female,0,10,Yes,No,60.56,685.84,No
CUST00775,Male,0,12,Yes,DSL,70.47,900.77,No
CUST00776,Male,0,71,Yes,Fiber optic,38.59,2196.41,No
CUST00777,Male,0,6,Yes,DSL,95.48,536.38,Yes
CUST00778,Female,0,11,No,No,73.46,836.28,Yes
CUST00779,Female,0,57,Yes,No,64.16,3670.93,No
CUST00780,Male,0,62,Yes,No,79.22,4554.62,No
CUST00781,Female,0,60,No,Fiber optic,55.78,3519.8,No
CUST00782,Male,0,6,Yes,Fiber optic,81.65,533.67,Yes
CUST00783,Male,0,55,No,DSL,83.98,5013.32,No
CUST00784,Female,0,13,No,No,30.26,426.81,No
CUST00785,Male,1,48,Yes,Fiber optic,48.34,2067.95,No
CUST00786,Female,0,5,Yes,Fiber optic,76.56,352.09,Yes
CUST00787,Female,0,55,Yes,DSL,76.17,4656.96,No
CUST00788,Female,0,19,Yes,Fiber optic,96.96,,No
CUST00789,Male,0,43,Yes,DSL,66.86,2591.48,No
CUST00790,Male,0,5,Yes,Fiber optic,63.74,296.2,Yes
CUST00791,Male,0,23,No,Fiber optic,72.0,1436.99,No
CUST00792,Female,1,11,Yes,Fiber optic,108.82,1302.91,No
CUST00793,Male,0,42,No,DSL,56.0,2484.27,No
CUST00794,Male,0,45,No,No,96.98,3973.77,No
CUST00795,Female,0,11,No,Fiber optic,71.96,706.33,No
CUST00796,Male,0,5,No,Fiber optic,86.62,408.23,Yes
CUST00797,Female,0,59,Yes,DSL,82.38,,No
CUST00798,Male,0,70,Yes,Fiber optic,96.37,7368.71,No
CUST00799,Female,0,71,Yes,No,86.54,6165.18,No
CUST00800,Female,0,0,No,Fiber optic,84.65,,No
CUST00801,Male,0,22,No,DSL,34.05,930.65,No
CUST00802,Female,0,34,No,DSL,55.95,1584.42,No
CUST00803,Female,0,47,Yes,DSL,90.96,4497.44,No
CUST00804,Male,0,0,No,DSL,69.2,,No
CUST00805,Male,0,12,No,Fiber optic,59.68,815.34,No
CUST00806,Male,0,49,Yes,DSL,98.81,4456.61,No
CUST00807,Male,0,65,Yes,No,82.78,4810.66,No
CUST00808,Male,0,1,No,Fiber optic,85.53,92.33,Yes
CUST00809,Male,0,9,Yes,No,72.85,695.29,Yes
CUST00810,Female,0,12,No,DSL,92.38,1126.86,No
CUST00811,Female,0,29,Yes,DSL,99.72,2619.12,No
CUST00812,Female,0,9,No,No,66.0,536.93,No
CUST00813,Male,0,0,No,No,103.86,,No
CUST00814,Female,0,56,No,Fiber optic,22.96,874.09,Yes
CUST00815,Male,0,57,Yes,DSL,86.82,5356.3,No
CUST00816,Male,0,55,No,DSL,66.38,3975.39,No
CUST00817,Male,0,36,No,DSL,96.03,,No
CUST00818,Female,0,3,No,DSL,88.42,238.91,Yes
CUST00819,Female,1,1,No,DSL,98.98,90.16,Yes
CUST00820,Female,0,17,Yes,DSL,32.13,594.51,No
CUST00821,Female,0,9,Yes,DSL,61.27,614.42,No
CUST00822,Female,0,20,No,Fiber optic,40.22,766.54,Yes
CUST00823,Female,0,38,Yes,Fiber optic,68.7,2954.28,No
CUST00824,Male,0,12,No,DSL,34.78,406.59,No
CUST00825,Female,0,29,No,Fiber optic,69.47,1933.02,Yes
CUST00826,Female,0,56,No,DSL,43.43,2821.74,No
CUST00827,Male,0,3,No,Fiber optic,82.63,250.83,No
CUST00828,Female,1,49,No,DSL,40.22,1811.59,No
CUST00829,Female,0,50,No,No,77.32,3606.91,No
CUST00830,Female,0,20,Yes,DSL,38.77,631.66,No
CUST00831,Male,1,22,Yes,Fiber optic,62.66,1318.27,No
CUST00832,Male,0,9,Yes,No,105.72,1021.5,No
CUST00833,Male,0,53,No,Fiber optic,84.75,4372.02,Yes
CUST00834,Female,1,58,Yes,DSL,40.51,2414.1,No
CUST00835,Female,0,21,Yes,Fiber optic,54.84,1324.66,No
CUST00836,Male,0,49,No,DSL,62.42,2745.26,No
CUST00837,Female,0,42,Yes,DSL,97.0,3958.94,No
CUST00838,Male,1,38,Yes,Fiber optic,24.44,1220.12,Yes
CUST00839,Male,0,46,Yes,DSL,23.94,876.41,No
CUST00840,Female,0,51,Yes,Fiber optic,58.15,3455.2,No
CUST00841,Male,0,62,No,No,34.96,,No
CUST00842,Male,0,29,No,DSL,79.38,2043.89,No
CUST00843,Male,0,16,No,No,52.68,700.54,No
CUST00844,Female,0,8,No,DSL,84.56,716.67,Yes
CUST00845,Female,0,61,Yes,No,69.92,4673.79,No
CUST00846,Female,0,69,Yes,Fiber optic,31.66,2672.24,No
CUST00847,Female,0,5,Yes,Fiber optic,75.41,347.08,No
CUST00848,Male,1,12,Yes,DSL,85.18,951.97,Yes
CUST00849,Female,0,34,No,DSL,64.8,2376.73,No
CUST00850,Male,0,3,No,No,94.28,301.87,No
CUST00851,Male,0,4,Yes,Fiber optic,79.84,313.24,No
CUST00852,Male,0,2,Yes,No,61.89,107.77,No
CUST00853,Female,0,51,Yes,Fiber optic,91.94,4436.23,No
CUST00854,Male,1,8,No,No,78.91,675.51,Yes
CUST00855,Female,1,28,No,DSL,55.71,1791.58,No
CUST00856,Male,0,2,Yes,No,108.63,203.04,Yes
CUST00857,Female,0,4,Yes,Fiber optic,101.88,385.6,Yes
CUST00858,Female,0,44,No,DSL,38.84,1966.38,No
CUST00859,Male,0,19,Yes,DSL,63.23,1225.2,No
CUST00860,Female,0,3,Yes,DSL,94.08,297.81,Yes
CUST00861,Male,0,32,Yes,DSL,62.11,2057.49,No
CUST00862,Male,0,21,Yes,Fiber optic,59.42,1117.63,No
CUST00863,Female,1,4,Yes,DSL,88.29,341.88,No
CUST00864,Male,0,1,Yes,DSL,79.99,74.14,No
CUST00865,Female,0,9,No,No,62.46,530.86,No
CUST00866,Male,0,40,No,No,62.87,2639.01,No
CUST00867,Female,1,12,No,DSL,41.98,508.42,No
CUST00868,Female,0,62,Yes,Fiber optic,66.03,4183.34,No
CUST00869,Female,0,54,Yes,DSL,65.12,3176.03,No
CUST00870,Male,1,64,No,No,68.22,3979.25,No
CUST00871,Female,0,56,No,Fiber optic,74.18,4587.74,No
CUST00872,Male,0,21,No,No,73.14,1645.04,No
CUST00873,Female,0,33,Yes,No,52.35,1407.96,No
CUST00874,Female,0,1,No,Fiber optic,63.18,,No
CUST00875,Female,0,21,No,DSL,47.0,1021.33,No
CUST00876,Male,0,71,No,DSL,49.34,3667.31,No
CUST00877,Male,0,12,Yes,No,94.98,1111.45,No
CUST00878,Female,0,61,Yes,DSL,66.85,3660.48,No
CUST00879,Female,0,54,Yes,Fiber optic,52.51,2514.47,No
CUST00880,Female,1,7,Yes,No,80.69,507.39,No
CUST00881,Male,0,68,No,DSL,94.3,6173.86,No
CUST00882,Female,0,60,No,No,99.15,5798.03,No
CUST00883,Male,0,25,No,No,70.49,1968.71,No
CUST00884,Male,0,57,No,DSL,75.26,3726.83,No
CUST00885,Female,1,41,No,DSL,85.79,3487.89,Yes
CUST00886,Female,1,3,No,DSL,93.6,273.38,No
CUST00887,Male,0,2,Yes,Fiber optic,102.06,222.22,No
CUST00888,Male,0,18,No,DSL,89.56,1631.01,No
CUST00889,Male,0,20,Yes,DSL,80.69,1742.86,No
CUST00890,Female,1,12,Yes,No,59.66,656.5,No
CUST00891,Male,0,6,Yes,DSL,73.73,406.47,No
CUST00892,Male,0,70,No,Fiber optic,20.99,,No
CUST00893,Female,0,8,Yes,DSL,81.34,578.04,No
CUST00894,Male,0,28,Yes,DSL,33.83,948.18,No
CUST00895,Female,0,54,No,No,22.42,1357.13,No
CUST00896,Female,0,6,Yes,DSL,99.65,602.54,Yes
CUST00897,Male,0,33,No,Fiber optic,47.59,1476.08,No
CUST00898,Female,0,70,No,Fiber optic,30.71,2769.97,Yes
CUST00899,Male,0,32,Yes,Fiber optic,36.09,931.94,No
CUST00900,Female,0,13,Yes,Fiber optic,66.8,996.68,Yes
CUST00901,Male,0,45,No,Fiber optic,56.51,2525.24,No
CUST00902,Male,0,0,No,DSL,63.89,,No
CUST00903,Female,0,26,No,No,63.23,1630.91,No
CUST00904,Female,0,31,Yes,Fiber optic,43.29,1555.43,No
CUST00905,Female,0,6,No,Fiber optic,104.09,665.97,No
CUST00906,Female,0,24,Yes,No,65.53,1684.47,No
CUST00907,Male,0,32,No,DSL,50.1,1790.38,No
CUST00908,Female,0,18,Yes,DSL,63.23,962.68,No
CUST00909,Female,0,9,No,DSL,84.27,,Yes
CUST00910,Female,1,1,No,DSL,103.59,103.28,Yes
CUST00911,Male,1,72,No,DSL,92.42,6477.19,No
CUST00912,Female,0,1,No,Fiber optic,102.66,95.61,Yes
CUST00913,Female,0,7,No,DSL,66.33,526.87,No
CUST00914,Female,1,11,No,DSL,60.24,565.16,No
CUST00915,Male,0,11,Yes,Fiber optic,75.05,785.32,Yes
CUST00916,Male,1,8,Yes,Fiber optic,109.08,870.16,No
CUST00917,Female,0,60,Yes,Fiber optic,75.42,4938.73,No
CUST00918,Male,0,60,Yes,DSL,37.07,2781.64,No
CUST00919,Female,0,9,No,Fiber optic,93.25,841.61,Yes
CUST00920,Male,0,12,Yes,Fiber optic,90.93,1150.03,No
CUST00921,Female,0,1,No,DSL,84.91,83.84,No
CUST00922,Male,0,66,No,No,38.85,3154.35,No
CUST00923,Male,0,3,Yes,Fiber optic,78.09,234.56,Yes
CUST00924,Female,0,67,No,DSL,69.89,,No
CUST00925,Female,1,12,Yes,DSL,93.75,1142.79,No
CUST00926,Female,0,59,No,DSL,54.01,3661.15,No
CUST00927,Male,0,7,No,Fiber optic,76.16,579.29,Yes
CUST00928,Male,0,3,Yes,DSL,85.28,270.21,Yes
CUST00929,Female,0,34,No,DSL,62.28,2091.86,No
CUST00930,Female,0,17,Yes,DSL,95.2,1694.77,No
CUST00931,Male,0,3,No,No,69.43,231.89,No
CUST00932,Female,0,3,Yes,No,86.58,272.11,Yes
CUST00933,Female,0,12,Yes,Fiber optic,66.88,875.18,No
CUST00934,Female,1,52,No,No,47.81,2059.77,No
CUST00935,Female,1,5,Yes,Fiber optic,65.88,338.83,No
CUST00936,Female,0,19,No,DSL,44.14,963.06,No
CUST00937,Male,0,2,No,Fiber optic,101.53,195.56,No
CUST00938,Male,0,11,Yes,Fiber optic,94.74,957.76,Yes
CUST00939,Male,0,22,Yes,Fiber optic,81.69,2009.2,No
CUST00940,Female,0,53,Yes,No,77.1,3843.59,No
CUST00941,Female,0,2,Yes,Fiber optic,100.33,187.78,Yes
CUST00942,Female,0,12,No,DSL,22.71,171.2,No
CUST00943,Male,1,60,No,DSL,54.83,3200.48,No
CUST00944,Male,0,5,Yes,DSL,101.3,515.91,Yes
CUST00945,Male,0,9,Yes,No,60.72,607.97,No
CUST00946,Male,0,29,No,DSL,50.11,1401.17,No
CUST00947,Male,0,13,Yes,Fiber optic,54.36,617.92,No
CUST00948,Female,0,4,Yes,Fiber optic,74.23,335.43,Yes
CUST00949,Female,1,11,Yes,Fiber optic,95.53,1002.67,No
CUST00950,Male,1,53,Yes,Fiber optic,73.58,,Yes
CUST00951,Female,0,20,Yes,DSL,29.37,525.57,No
CUST00952,Female,0,63,Yes,Fiber optic,42.2,2080.29,Yes
CUST00953,Female,0,10,No,Fiber optic,89.69,923.37,Yes
CUST00954,Female,0,35,Yes,Fiber optic,86.23,2730.61,Yes
CUST00955,Female,1,19,Yes,No,37.12,547.04,No
CUST00956,Male,0,66,No,Fiber optic,26.27,1245.93,No
CUST00957,Female,0,66,Yes,DSL,72.93,5418.27,No
CUST00958,Female,0,4,No,DSL,63.03,213.75,No
CUST00959,Male,0,4,No,No,93.65,373.88,No
CUST00960,Male,0,20,Yes,DSL,24.22,656.36,No
CUST00961,Female,0,58,Yes,No,30.09,1917.16,No
CUST00962,Male,0,43,No,DSL,88.33,3738.75,No
CUST00963,Female,0,1,No,DSL,106.26,98.43,Yes
CUST00964,Female,0,22,Yes,No,64.09,1548.6,No
CUST00965,Female,0,15,No,DSL,37.99,483.74,No
CUST00966,Female,1,44,Yes,Fiber optic,94.16,3719.83,No
CUST00967,Female,0,32,Yes,Fiber optic,43.06,1639.11,No
CUST00968,Male,0,12,Yes,DSL,96.16,1131.28,No
CUST00969,Male,0,10,Yes,Fiber optic,108.86,1041.27,Yes
CUST00970,Female,0,60,Yes,Fiber optic,61.81,3190.23,No
CUST00971,Male,1,4,No,Fiber optic,61.42,234.61,No
CUST00972,Male,0,8,No,Fiber optic,62.35,574.69,No
CUST00973,Female,0,11,No,Fiber optic,89.38,,No
CUST00974,Male,1,7,Yes,Fiber optic,87.21,592.09,No
CUST00975,Female,0,9,Yes,DSL,81.25,708.54,No
CUST00976,Female,0,1,Yes,Fiber optic,96.04,89.8,Yes
CUST00977,Male,0,62,No,DSL,41.96,2188.87,No
CUST00978,Female,0,10,No,DSL,74.52,801.69,Yes
CUST00979,Female,0,8,No,No,83.17,651.19,No
CUST00980,Female,0,37,Yes,Fiber optic,27.52,908.23,Yes
CUST00981,Male,0,12,Yes,Fiber optic,48.29,537.71,Yes
CUST00982,Male,0,5,No,DSL,109.13,566.88,No
CUST00983,Female,0,3,No,No,104.03,303.0,No
CUST00984,Male,0,60,No,Fiber optic,36.41,2076.03,No
CUST00985,Female,0,0,No,DSL,73.67,,No
CUST00986,Male,0,49,No,No,70.45,3799.65,No
CUST00987,Male,0,7,No,Fiber optic,70.79,429.76,No
CUST00988,Male,1,60,No,Fiber optic,72.7,4690.44,Yes
CUST00989,Female,0,44,Yes,DSL,43.3,2196.3,No
CUST00990,Female,0,0,Yes,Fiber optic,108.16,,No
CUST00991,Female,0,12,Yes,Fiber optic,28.48,461.14,No
CUST00992,Male,0,21,Yes,No,73.96,1558.0,No
CUST00993,Male,0,32,No,Fiber optic,92.99,3225.64,No
CUST00994,Male,0,22,No,No,59.87,1340.45,No
CUST00995,Female,0,9,No,No,74.23,708.57,Yes
CUST00996,Male,0,4,Yes,DSL,74.63,313.1,Yes
CUST00997,Male,0,69,Yes,No,51.04,3951.23,No
CUST00998,Female,0,72,Yes,Fiber optic,20.15,802.23,No
CUST00999,Male,1,27,Yes,No,81.64,,No
CUST01000,Female,0,23,Yes,No,56.6,1336.09,No
